business_name,business_address,city,state,zip_code,business_contact,email,website,approval_date,objectid
12th Street Cantina Inc,3312 Spring Garden Street ,Philadelphia,PA,19104,Christina O'Neil,accounting@12stcatering.com,,2025-02-04 05:00:00+00,1
3RD FLOOR MEDIA LLC,"7544 FAYETTE STREET, SUITE 1F ",PHILADELPHIA,PA,19150,LISA SHEPHERD,LISA@3FM.FM,,2026-01-15 05:00:00+00,2
742 LLC,742 S MARVINE STREET ,PHILADELPHIA,PA,19147,CHRISTOPHER S PETERS,CSP200@YAHOO.COM,,2025-12-10 05:00:00+00,3
777 FAMILY RENTALS LLC,3025 N 35TH STREET ,PHILADELPHIA,PA,19132,KIMEKIA HILL,777.FAMILYRENTALSLLC@GMAIL.COM,,2025-12-10 05:00:00+00,4
A3M PROPERTY SOLUTIONS REAL ESTATE INV,1603 E CARDEZA ST ,PHILADELPHIA,PA,19150,MARCUS BELCHER,A3MPROPERTY@SOLUTIONS4U.COM,,2024-05-09 04:00:00+00,9
AAA SCHOOL OF TRUCKING,442 E. GIRARD AVE ,PHILADELPHIA,PA,19125,RYAN SOLOBY,RYAN@AAACDL.COM,,2025-08-19 04:00:00+00,10
"Aardvark Pest Management, Inc.",9517 Frankford Avenue ,PHILADELPHIA,PA,19114,Alyssia Zimmaro,aardvarkpestaz@gmail.com,,2025-09-04 04:00:00+00,11
Above All Salvage Inc.,6700 New State Road ,Philadelphia,PA,19135,Timothy Donovan,tim@abovealltowingpa.com,,2026-03-10 04:00:00+00,12
ACE OF DIAMOND LLC,123 W WYNEVA ST ,PHILADELPHIA,PA,19144,LORENZO HENDERSON,ACEOFDIAMONDLLC@GMAIL.COM,,2025-10-09 04:00:00+00,13
A C RADIO SUPPLY INC,1539 WEST PASSYUNK AVENUE ,PHILADELPHIA,PA,19145,STEPHEN BARATTA,ACRADIO@VERIZON.NET,,2025-08-28 04:00:00+00,5
"ADANDA, LLC",1308 MOORE STREET ,PHILADELPHIA,PA,19148,DANIEL BROWN,DAN@SKETCHUPTRAINER.COM,,2025-10-15 04:00:00+00,14
"ADMINISTRATIVE ASSOCIATES, LLC",1039 South 50th Street ,Philadelphia,PA,19143,Nadira Branch,nadira@myadminassociates.com,,2025-07-31 04:00:00+00,15
"ADVANCE DETECTIVE BUREAU, INC. DBA D.O. RICHARDSON & ASSOCIATES",10 East Chestnut Hill Ave ,Philadelphia,PA,19118,David O Richardson,david@dorichardson.com,,2025-08-28 04:00:00+00,16
AJA CONSTRUCTION GROUP INC,6418 WOODLAND AVE SUITE 1FF,PHILADELPHIA,PA,19142,ALEXANDER DIKE,BID.AJACg@GMAIL.COM,,2025-07-31 04:00:00+00,17
AJX INC.,725 N 4TH STREET ,PHILADELPHIA,PA,19123,KELLY JENNINGS,KELLY.JENNINGS@EXPLOREEXIT.COM,,2026-01-15 05:00:00+00,18
ALL SEASONS LANDSCAPING CO INC,4702 Chester Ave ,Philadelphia,PA,19143,Stephen A Gansz,steve@aslplant.com,,2025-08-28 04:00:00+00,19
ALMA ARCHITECTURE LLC,441 N 5TH STREET #204,PHILADELPHIA,PA,19123,ADRIENNE L MCKINNEY,AMCKINNEY@ALMAARCHITECTURE.COM,,2025-05-13 04:00:00+00,20
ALPHA TO OMEGA CONSTRUCTION LLC,6928 DICKS AVE ,PHILADELPHIA,PA,19142,ERIC DASSI,INFO@ALPHATOOMEGACONSTRUCTION.COM,,2025-07-22 04:00:00+00,21
"ALWAYS MOVING, LLC",3311B PENROSE FERRY ROAD ,PHILADELPHIA,PA,19145,SHARON CIMADAMORE,ALWAYSMOVING@PEPSOUL.COM,,2025-07-31 04:00:00+00,22
AMERICAN FLOORS INC,3520 GRAYS FERRY AVENUE ,PHILADELPHIA,PA,19146,CYNTHIA CONRON,CCONRON@AMERICANFLOORSINC.COM,,2025-07-31 04:00:00+00,23
American Power LLC,110 N 63RD ST ,PHILADELPHIA,PA,19139,SETH RICHARDS,SETH@AMERICANPOWERESC.COM,,2025-07-31 04:00:00+00,24
"Anderson Law Group, LLC",6556 WALNUT PARK DR ,PHILADELPHIA,PA,19120,RHONDA ANDERSON,RHONDAESQ99@MSN.COM,,2025-07-31 04:00:00+00,25
"ANGELA WOLF VIDEO, LLC",2331 S 7TH STREET ,PHILADELPHIA,PA,19148,ANGELA WOLF QUAINTANCE,ANGELA@ANGELAWOLFVIDEO.COM,,2026-01-15 05:00:00+00,26
ANTHONY BIDDLE CONTRACTORS INC,240 Railroad Ave ,Ambler,PA,19002,Kelly Biddle,biddlemarketing@abiddle.com,,2026-01-15 05:00:00+00,27
"A.P. Construction, Inc",Philadelphia Navy Yard One Crescent Drive,Philadelphia,PA,19112,Michael Petrongolo,michael@apconstruction.com,,2025-07-31 04:00:00+00,7
Arbill Industries Inc,10450 drummond rd. ,Philadelphia,PA,19154,Kennan Tenaglia,ktenaglia@arbill.com,,2025-01-14 05:00:00+00,29
Arrow Plumbing Heating and Air Conditioning LLC,1813 CORNWALL ST ,PHILADELPHIA,PA,19134,BOB HUTTENLOCK,BOB@BESTCHOICEPLUMBING.NET,,2025-08-19 04:00:00+00,30
AR Spruce LLC,6020 Greene Street ,Philadelphia,PA,19144,Maleda Berhane,info@arspruce.com,,2025-12-10 05:00:00+00,28
ASPITE INC,7000 State Road ,Philadelphia,PA,19135,JEROME ASPITE,MAIL@ASPITEAUCTION.COM,,2025-07-31 04:00:00+00,31
A+ TAX EXPERTS LLC,9857 BUSTLETON AVENUE ,PHILADELPHIA,PA,19115,"NIKOLAY ANANIN, ESQ, EA",ADMIN@PHILADELPHIATAXES.COM,,2025-10-15 04:00:00+00,6
Athena Contracting Inc.,2825 S Warnock ,Philadelphia,PA,19148,Loretta Mitsos-Panvini,loretta@athenacontractinginc.com,,2025-12-10 05:00:00+00,32
AUNT AGNES HOUSE,1115 W GODFREY AVENUE ,PHILADELPHIA,PA,19141,JESSICA HACKETT-SMITH,JESSICA.HS@AUNTAGNESHOUSE.COM,,2026-03-10 04:00:00+00,33
"A.V. RENTAL SERVICES, INC.",4410 Belgrade Street Unit 12,Philadelphia,PA,19137,Bruce Johnson,bruce@rentavhere.com,,2026-01-15 05:00:00+00,8
Azavea Inc. (dba Abaca Labs),1911 Brandywine Street ,PHILADELPHIA,PA,19130,ROBERT CHEETHAM,rcheetham@abacalabs.com,,2025-07-31 04:00:00+00,34
"BALANCING LIFE AND KIDS, INC.","106 GAY STREET, SUITE 320 ",PHILADELPHIA,PA,19127,KISHNA CELCE,KISHNA@BALANCINGLIFEANDKIDS.COM,,2025-12-10 05:00:00+00,35
BANG BROTHERS TOWING & TRANSPORT INC.,188 W LEHIGH AVENUE SUITE 1B,PHILADELPHIA,PA,19133,DUANE RAMON PAULINO ESCALERA,BANG.BROTHERSINC20@GMAIL.COM,,2025-07-22 04:00:00+00,36
BELLEVUE COMMUNICATIONS GROUP,200 SOUTH BROAD ST SUITE 850,PHILADELPHIA,PA,19102,KEVIN FEELEY,KFEELEY@BELLEVUEPR.COM,,2025-07-31 04:00:00+00,37
BENCHMARK CONSTRUCTION GROUP,1600 SPRUCE ST FLOOR 2,PHILADELPHIA,PA,19103,BRITAINY STEPHENS,kpenn@benchmarkcg.net,,2025-12-10 05:00:00+00,38
BENCHMARK REAL ESTATE PARTNERS,1600 SPRUCE STREET ,PHILADELPHIA,PA,19103,Kenn Penn,kpenn@benchmarkcg.net,,2025-12-22 05:00:00+00,39
Bennett Compost,5650 Rising Sun Avenue ,Philadelphia,Pa,19120,Tim Bennett,tim@bennettcompost.com,,2025-05-13 04:00:00+00,40
Bentley Truck Services,7777 ESSINGTON AVE ,PHILADELPHIA,PA,19153,JOE CAMPBELL,JOE.CAMPBELL@BENTLEYTS.COM,,2025-08-19 04:00:00+00,41
BEST CHOICE PLUMBING & HEATING INC,2521 ORTHODOX STREET ,PHILADELPHIA,PA,19137,Bonny Ault,bonny@bestchoiceplumbing.net,,2025-08-22 04:00:00+00,42
BEST THAT EVER DID IT CLEANING COMPANY LLC,2840 WEST ALBERT ST ,PHILADELPHIA,PA,19132,LEE HOWARD,BESTEVER50@YAHOO.COM,,2025-08-19 04:00:00+00,43
"BEZZENTIAL LIFESKILLZ, LLC",1427 N 52ND ST ,PHILADELPHIA,PA,19131,JULIETA HOLLOWAY-JAMES,JULIETAJAMES78@GMAIL.COM,,2025-08-19 04:00:00+00,44
BFW GROUP LLC,4605 SOUTH BROAD ST Building M3,PHILADELPHIA,PA,19112,BLANE F STODDART,Blane@bfwgroup.net,,2025-12-10 05:00:00+00,45
"Bicycle Transit Systems, Inc.","2800 S 20th St Unit 6A, 1st Floor",PHILADELPHIA,PA,19145,ALISON COHEN,ACOHEN@BICYCLETRANSIT.COM,,2025-07-31 04:00:00+00,46
"BITTENBENDER CONSTRUCTION, LP",5 N COLUMBUS BOULEVARD PIER 5,PHILADELPHIA,PA,19106,EMILY L BITTENBENDER,EMILY@BITTENBENDERCONSTRUCTION.COM,,2025-07-31 04:00:00+00,47
BKP ARCHITECTS PC,1525 LOCUST ST 5TH FLOOR,PHILADELPHIA,PA,19102,"CAITLIN DALEY, AIA",CDALEY@BKPARCHITECTS.COM,,2025-07-31 04:00:00+00,48
"BLACKNEY HAYES ARCHITECTS, INC.",1100 Ludlow Street SUITE 302,PHILADELPHIA,PA,19107,Jillian Nelson-Collier,jnc@blackneyhayes.com,,2026-02-04 05:00:00+00,49
"BLACKRIVER FINANCIAL SERVICES, INC.",6100 W JEFFERSON STREET ,PHILADELPHIA,PA,19151,KENNETH R BOOTH,BRFS1@MSN.COM,,2025-10-15 04:00:00+00,50
BOLES SMYTH ASSOCIATES INC.,"2400 CHESTNUT STREET, #10 ",PHILADELPHIA,PA,19103,MICHAEL C BOLES,MCBOLES@BOLESSMYTH.COM,,2025-12-10 05:00:00+00,51
BOOMER'S KITCHEN & CATERING,43 W POMONA STREET ,PHILADELPHIA,PA,19144,VESTHER GOODE,BOMMERBKITCHEN@GMAIL.COM,,2025-12-10 05:00:00+00,52
"BOWLING BUSINESS STRATEGIES, LLC",744 SOUTH STREET #1065 ,PHILADELPHIA,PA,19147,DANE LIGOURE,DANE@BOWLINGBIZPA.COM,,2025-12-10 05:00:00+00,53
BR HARDSCAPE AND LANDSCAPE DESIGN LLC,12017 MILLBROOK RD ,PHILADELPHIA,PA,19154,GABRIELLA PAEZ,INFO@BRHARDSCAPEDESIGN.COM,,2026-01-15 05:00:00+00,54
"BRIGHTLINE CONSTRUCTION, INC.",550 STATE RD SUITE 100,BENSALEM,PA,19020,DAVID J. O'BRIEN,DAVID@BRIGHTLINECONSTRUCTION.COM,,2025-08-19 04:00:00+00,55
BROWNS EQUIPMENT & SUPPLY CO INC,3519 KENSINGTON AVENUE ,PHILADELPHIA,PA,19134,SHARON BROWN,BROWNSEQUIPMENT@VERIZON.NET,,2024-09-17 04:00:00+00,56
BROWNTOWN GROUP LLC,"4058 CHESTNUT ST, 1st Floor ",PHILADELPHIA,PA,19104,JOHN THOMAS,JOHN@BROWNTOWNGROUP.COM,,2025-12-10 05:00:00+00,57
BUCKLEY & COMPANY INC,3401 MOORE STREET ,PHILADELPHIA,PA,19145,ANTHONY LUCERI,ALUCERI@BUCKLEYCO.COM,,2025-07-31 04:00:00+00,58
Burke Plumbing & Heating Inc,2808 E Pacific Street ,Philadelphia,PA,19134,Sara Zakarewsky,sarazakbp@gmail.com,,2026-02-04 05:00:00+00,59
BURNETT-NIXON HOLDING LLC,1047 PRATT ST ,PHILADELPHIA,PA,19124,LEAN BURNETT,BURNETTNIXONHOLDINGS@GMAIL.COM,,2024-11-18 05:00:00+00,60
"Bustleton Bikes, INC",9261 Roosevelt Boulevard ,Philadelphia,PA,19114,Robert Weniger,pete610@aol.com,,2025-08-19 04:00:00+00,61
"C2M VENTURES, LLC","21 S 11TH STREET, 2ND FLOOR ",PHILADELPHIA,PA,19107,MICHAEL FIELDS,INFO@C2MVS.COM,,2026-01-15 05:00:00+00,62
"Campus Copy Center, lnc.",3907  WALNUT STREET ,PHILADELPHIA,PA,19104,MATTHEW T . SHAPIRO,MATTHEWSHAPIRO717@GMAIL.COM,,2025-08-22 04:00:00+00,63
"CANADA AND ASSOCIATES, LLC",520 CARPENTER LANE ,PHILADELPHIA,PA,19119,CELINA CANADA,ccanada@canadabehavior.com,,2025-12-10 05:00:00+00,64
CARRIBEAN OPERATORS INC,2900 ORTHODOX STREET ,PHILADELPHIA,PA,19137,MARVIN GOMES,GOMES_TRAVEL91@MSN.COM,,2025-10-15 04:00:00+00,65
"CARUSONE CONSTRUCTION, INC.",3245 S 74TH STREET ,PHILADELPHIA,PA,19153,CLAUDIO CARUSONE,Claudio@carusoneconstruction.com,,2025-07-31 04:00:00+00,66
CBP ARCHITECTS PC,234 MARKET STREET 4TH FLOOR,PHILADELPHIA,PA,19106,"Dennis Pilsits, Office Manager",dpilsits@cbparchitects.com,,2025-05-13 04:00:00+00,67
CC Contracting and Construction dba CC Consulting Corporation,4848 Roosevelt Boulevard ,Philadelphia,PA,19124,Kathryn Giaconia,kgiaconia@comcast.net,,2026-03-10 04:00:00+00,68
CEISLER MEDIA & ISSUE ADVOCACY,"130 N 18TH STREET, SUITE 1300 ",PHILADELPHIA,PA,19103,BRIAN DRIES,BRIAN@CEISLERMEDIA.COM,,2025-07-31 04:00:00+00,69
CERIFIC GENERAL CONTRACTING,4433 SANSOM STREET ,PHILADELPHIA,PA,19104,AHMAD HYLICK,CERIFIC.CONTRACTING@GMAIL.COM,,2025-10-15 04:00:00+00,70
Chapman Chevrolet,6925 ESSINGTON AVENUE ,PHILADELPHIA,PA,19153,Jerry Dowling,GDOWLING@CHAPMANAUTOGROUP.COM,,2025-07-31 04:00:00+00,71
Chapman Ford,9371 ROOSEVELT BOULEVARD ,PHILADELPHIA,PA,19114,Jerry Dowling,GDOWLING@CHAPMANAUTOGROUP.COM,,2025-08-19 04:00:00+00,72
CHAPMAN NISSAN,6723 Essington Ave ,Philadelphia,PA,19153,Jerry Dowling,GDOWLING@CHAPMANAUTOGROUP.COM,,2025-08-19 04:00:00+00,73
"CHARLES MATSINGER ASSOCIATES, INC.",399 MARKET STREET SUITE 200,PHILADELPHIA,PA,19106,MATTHEW PERNA,MPERNA@MATSINGER.COM,,2025-05-13 04:00:00+00,74
CHATTERBLAST MEDIA LLC,1315 WALNUT STREET SUITE 800,PHILADELPHIA,PA,19107,"EVAN URBANIA,",EVAN@CHATTERBLAST.COM,,2025-08-19 04:00:00+00,75
"CHEESECAKE PROPERTIES, LLC",1918 PEMBERTON STREET ,PHILADELPHIA,PA,19146,ANTONIO CERQUEIRA,ANTONIO@CHEESECAKEPROPERTIES.COM,,2025-07-22 04:00:00+00,76
CIRCLE SQUARE STUDIOS,812 E THOMPSON ST ,PHILADELPHIA,PA,19125,CHLOE DEON,CHLOE@CIRCLESQUARESTUDIOS.COM,,2025-08-28 04:00:00+00,77
"CITIZENS ACTING TOGETHER CAN HELP, INC",1409 LOMBARD ST ,PHILADELPHIA,PA,19145,JONATHAN SOLOMONS,JSOLOMONS@CATCHINC.COM,,2025-07-31 04:00:00+00,78
"CJ Complete Cleaning Service, LLC",5070 PARKSIDE AVENUE ,PHILADELPHIA,PA,19131,CLINTON D JAMES,CLINTAJ@COMCAST.NET,,2025-07-31 04:00:00+00,79
CLAFLEN ASSOCIATES,100 SOUTH BROAD STREET ,PHILADELPHIA,PA,19110,GEORGE CLAFLEN,GCLAFLEN@CLAFLENASSOCIATES.COM,WWW.CLAFLENASSOCIATES.COM,2025-07-31 04:00:00+00,80
CLEANING CHAMPS LLC,1129 CUSTIS PLACE ,PHILADELPHIA,PA,19122,JASMINE TATE,INFO@CLEANINGCHAMPSLLC.COM,,2025-12-10 05:00:00+00,81
CLEAR CONSCIENCE CONSULTING,4041 Ridge Ave Apt 18-211,PHILADELPHIA,PA,19129,LAKESHIA FANT,info@clearconscienceconsulting.com,,2025-12-10 05:00:00+00,82
"Clemens Construction Company, Inc.",1435 WALNUT STREET ,PHILADELPHIA,PA,19102,Graham Stewart,gstewart@clemensconstruction.com,WWW.CLEMENSCONSTRUCTION.COM,2025-07-31 04:00:00+00,83
COMMON GROUND MANAGEMENT INC,901 MARKET STREET SUITE 3020 3RD FLOOR,PHILADELPHIA,PA,19107,JAMES BURKS,CGMGRD@GMAIL.COM,,2025-07-31 04:00:00+00,84
COMMUNITY CAPACITY BUILDERS LLC,3527 AINSLIE STREET 3RD FL,PHILADELPHIA,PA,19128,DONNA GRIFFIN,DONNA@CCBCONSULT.ORG,,2025-08-19 04:00:00+00,85
"CONSTRUCTONOMICS, LLC",607 S HANCOCK STREET ,PHILADELPHIA,PA,19147,"JOHN POOLE, P.E.",JPOOLE@CONSTRUCTONOMICS.COM,,2025-07-22 04:00:00+00,86
"CORNERSTONE PR GROUP, LLC",112 BEVERLY ROAD ,Wynnewood,PA,19096,QUINCY HARRIS,QHARRIS@QUINCYHARRIS.COM,,2025-03-11 04:00:00+00,87
COSCIA MOOS ARCHITECTURE LLC,123 BROAD ST SUITE 220,PHILADELPHIA,PA,19109,GYEONG MOON,ADMIN@COSCIAMOOS.COM,,2025-07-31 04:00:00+00,88
COURAGE MEDICINE HEALTH CENTER INC,7198 Castor Ave Suite 200,PHILADELPHIA,PA,19149,JULIA HODGSON,jhodgson@couragemedicine.org,,2025-08-22 04:00:00+00,89
COURT CLINICIANS LLC,2027 GREEN STREET ,PHILADELPHIA,PA,19130,"SHRADDHA JANI, MD",INFO@COURTCLINICIANS.COM,,2025-12-10 05:00:00+00,90
"CPR Restoration & Cleaning Services, LLC.",8421 Hegerman St ,Philadelphia,Pa,19136,Michael Fingerman,payables@cprrestoration.com,,2024-06-06 04:00:00+00,91
Creative Budget Solutions LLC,"City Hall, Room 788 ",Phildelphia,PA,19102,Dianne Pecca,dmpmba1@gmail.com,,2025-08-20 04:00:00+00,92
CREATIVE REPUTE INC,137 S. 57TH STREET ,PHILADELPHIA,PA,19139,NILE LIVINGSTON,INFO@CREATIVEREPUTE.COM,,2025-08-19 04:00:00+00,93
CSSC ENTERPRISES,2208 MIFFLIN STREET ,PHILADELPHIA,PA,19145,CJ MOORE,CJMOORE@CSSCENTERPRISES.COM,,2025-08-22 04:00:00+00,94
Danella Companies,290 BUTLER PIKE ,PLYMOUTH MEETING,PA,19462,SEAN DUFFY,SDUFFY@DANELLA.COM,,2025-07-31 04:00:00+00,97
"D'ANGELO BROTHERS, INC",3700 S 26TH STREET ,PHILADELPHIA,PA,19145,STEPHEN J D'ANGELO,SJD@DBICONTRACTORS.COM,,2025-07-31 04:00:00+00,96
Daniel J. Keating Company,123 S Broad Street SUITE 2230,PHILADELPHIA,PA,19109,"Mary Mdeline Keating Fisher, Esquire",NFisher@djkeating.com,,2025-10-15 04:00:00+00,98
"Daniels Contracting of Philadlephia, Inc.",5915 TORRESDALE AVE ,PHILADELPHIA,PA,19135,THERESA GALLAGHER,DOPTGPRES2@GMAIL.COM,,2025-07-31 04:00:00+00,99
DARNELLS PROFESSIONAL PAINTING SERVICE,417 N UNION STREET ,PHILADELPHIA,PA,19104,DARNELL WHITE,DARNELLWHITE0320@ICLOUD.COM,,2026-01-15 05:00:00+00,100
David Thomas Tours,14005 MCNULTY ROAD ,PHILADELPHIA,PA,19154,DAVID BENEDICT,DAVID@DAVIDTOURS.NET,WWW.DAVIDTHOMASTOURS.COM,2025-07-31 04:00:00+00,101
"DEAF-HEARING INTERFACE, LLC",6711 GERMANTOWN AVE #4901,PHILADELPHIA,PA,19119,JULIE GOULD MAROTHY,JULIE@DHINTERFACE.COM,,2025-07-31 04:00:00+00,102
"DECISION DISTRIBUTION AMERICA, LLC",4548 MARKET ST SUITE 215,PHILADELPHIA,PA,19139,JD,JD@DDISTRIBUTION.COM,WWW.DDISTRIBUTION.COM,2025-08-19 04:00:00+00,103
"Dimitri J. Ververelli, Inc.",211 N 13th Street Suite 901,Philadelphia,PA,19107,Niki Diamond,niki@djvinc.com,www.djvinc.com,2025-07-31 04:00:00+00,104
DK Cleaning Contractors DBA DK Construction Services LLC,6418 Woodland Ave Suite 1FF,Philadelphia,Pa,19142,Chidozie Dike,cdike.dkconstructionservices@gmail.com,,2025-07-31 04:00:00+00,105
D L ELECTRONICS INC,6020 PALMETTO STREET ,PHILADELPHIA,PA,19111,JOSEPH LASCHENSKI,DLELECTRONICS@JUNO.COM,,2025-07-31 04:00:00+00,95
Do It Better Wellness LLC,1119 PINE STREET SUITE 101,PHILADELPHIA,PA,19107,RAFAEL PEREZ,RAFAEL@DOITBETTERWELLNESS.COM,WWW.DOITBETTERWELLNESS.COM,2025-07-31 04:00:00+00,106
DONATO SPAVENTA & SONS INC,4258-88 MACALESTER STREET ,PHILADELPHIA,PA,19124,MARICE SPAVENTA,MARICE@DSSUSA.COM,,2025-07-31 04:00:00+00,107
"DOOLEY'S LANDSCAPING & TREE CARE SERVICES, LLC",941 E. PRICE STREET ,PHILADELPHIA,PA,19138,MAE KATE DOOLEY,DOOLEYSLANDSCAPING4TREE@YAHOO.COM,,2025-08-12 04:00:00+00,108
"DRAINO DRAIN CLEANING, LLC","2700 S MARSHALL STREET, 2ND FLOOR ",PHILADELPHIA,PA,19148,CARLOS MERCADO,DRAINODRAINCLEANING@YAHOO.COM,,2025-12-10 05:00:00+00,109
DRE'S WATER ICE AND ICE CREAM,1421 W SUSQUEHANNA AVE ,PHILADELPHIA,PA,19121,ANDRE ANDREWS,DRE@DRESICECREAM.COM,,2025-08-22 04:00:00+00,110
"Eagle Industrial Electric, Inc.",1921 S BANCROFT STREET ,PHILADELPHIA,PA,19145,KATHY MASCIOTRO,KMASCIOTRO@EAGLEIELECTRIC.COM,,2025-07-31 04:00:00+00,112
EAGLE STAFFING COMPANY,"7244 CASTOR AVE, #1232 ",PHILADELPHIA,PA,19149,MILISSA SANTOS,MSANTOS@EAGLESTAFFING.NET,https://www.eaglestaffing.net,2025-08-19 04:00:00+00,113
"EASTERN SOFTWARE STRATEGIES, INC",301 RIVER PARK DR ,PHILADELPHIA,PA,08869,YURI KNIZHNIK,YKNIZHNIK@YAHOO.COM,,2025-10-15 04:00:00+00,115
East West IT Services LLC,1234 Brighton Street ,Philadelphia,PA,19111,Matt X. Zhang,techpro88@gmail.com,,2025-08-28 04:00:00+00,114
EATIBLE DELIGHTS CATERING,1540 EAST WADSWORTH AVE ,PHILADELPHIA,PA,19150,DAVID SIMMS,contactus@eatibledelights.com,,2026-02-04 05:00:00+00,116
ECONSULT SOLUTIONS INC,1435 WALNUT STREET 4TH FLOOR,PHILADELPHIA,PA,19102,WENDY M GABRIELE,GABRIELE@ECONSULTSOLUTIONS.COM,,2025-05-13 04:00:00+00,117
Edens Corporation,115 Chestnut Street ,Philadelphia,PA,19106,Steve Lawler,slawler@edenscorporation.com,,2025-12-10 05:00:00+00,118
EDUCATORS 4 EDUCATION,527 Primos Ave ,Folcroft,PA,19032,Anthony Singleton,asingleton@educators4education.org,,2025-07-22 04:00:00+00,120
EDU PRIME LLC,3701 CONSHOHOCKEN AVE #514,PHILADELPHIA,PA,19131,PAUL MUSUMBA,INFO@EDUPRIMELLC.ORG,,2025-01-15 05:00:00+00,119
"E.J. ELECTRIC, INC.",3439 RICHMOND STREET ,PHILADELPHIA,PA,19134,MATTHEW ZIELINSKI,MATT@EJELECTRICINC.COM,,2025-07-31 04:00:00+00,111
EKmultiservice,2740 N FRONT ST ,PHILADELPHIA,PA,19115,EDA ESTRADA,EKMULTISERVICE@GMAIL.COM,,2025-07-31 04:00:00+00,121
Electro Waste Management,1229 South Napa Street ,Philadelphia,PA,19146,Jon Segal,recycle@eforcecompliance.com,,2026-03-10 04:00:00+00,122
Elliott-Lewis Corporation,2900 BLACK LAKE PLACE ,PHILADELPHIA,PA,19154,CHERYL COLE,CCOLE@ELLIOTTLEWIS.COM,,2025-07-31 04:00:00+00,123
ELMWOOD JANITORIAL SERVICES LLC,2516 S 62ND ST ,PHILADELPHIA,PA,19142,WILLIAM LEMON,WILLIAM@ELMWOODJANITORIAL.COM,,2025-08-01 04:00:00+00,124
"ELUCINIERE, LLC","1500 CHESTNUT ST SUITE 2, #2081",PHILADELPHIA,PA,19102,SIMONE AMMONS,simone.ammons@eluciniere.com,,2025-07-31 04:00:00+00,125
EM2 Tech Global Company,1151 N 65TH STREET ,PHILADELPHIA,PA,19151,MATU SAYE,MSAYE@EM2TECHGLOBAL.COM,,2025-07-31 04:00:00+00,126
EMERALD BUSINESS SUPPLIES,4807 ASHBURNER STREET ,PHILADELPHIA,PA,19136,"JOSEPH O CONNELL,SR.",JOEOC@EBSUPPLIES.COM,,2025-01-15 05:00:00+00,127
ENGAGAEATHON,1801 WINCHESTER AVENUE ,PHILADELPHIA,PA,19115,VENIECE NEWTON,VENIECENEWTON@GMAIL.COM,,2025-12-10 05:00:00+00,128
"Equilibria Leadership Consulting, LLC",525 SOUTH 4TH ST SUITE 471,PHILADELPHIA,PA,19147,NICOLE LIPKIN,NLIPKIN@EQUILIBRIALEADERSHIP.COM,,2025-08-12 04:00:00+00,129
ERNEST BOCK & SONS INC,2800 SOUTHAMPTON RD ,PHILADELPHIA,PA,19154,THOMAS  BOCK,HCAHILL@ERNESTBOCK.COM,WWW.ERNESTBOCK.COM,2025-07-31 04:00:00+00,130
EUREKA METAL & GLASS SERVICES INC,9070 STATE ROAD ,PHILADELPHIA,PA,19136,MARIA LEWIS,MARIA@EUREKAGLASS.COM,,2025-07-31 04:00:00+00,131
"EVERYTHING ESSENCE CONSULTING SERVICES, LLC",100 S JUNIPER STREET ,PHILADELPHIA,PA,19107,NADIYAH ESSENCE VANCE,CONTACT@EVERYTHINGESSENCEWIX.ORG,,2025-12-10 05:00:00+00,132
Express Telecommunications,139 W Abbotsford Ave ,Philadelphia,Pa,19144,Jarand Kennedy,expresstele.comm@gmail.com,,2025-08-01 04:00:00+00,133
FH DEMOLITION,2545 N FRANKLIN ST ,PHILADELPHIA,PA,19133,FRANCIS HENRIQUEZ,FHDEMOLITION@OUTLOOK.COM,,2025-07-31 04:00:00+00,134
Fidelity Burglar & Fire Alarm Company Inc.,1900 WOODHAVEN ROAD ,PHILADELPHIA,PA,19116,PATRICK J PHILLIPS,PAT@FIDELITYALARM.COM,,2025-08-19 04:00:00+00,135
FIFTEEN Architecture + Design,31 N 2nd St. Suite 2F,Philadelphia,Pa,19106,Ximena Valle Diaz,fifteen@xvadesign.com,,2025-08-22 04:00:00+00,136
FINE PRINT CONSTRUCTION,1099 GERMANTOWN AVENUE ,PHILADELPHIA,PA,19123,DAWUD BEY,DAWUD@FINEPRINTCOMPANIES.COM,,2025-12-10 05:00:00+00,137
FIREBALL PRINTING LLC,2644 CORAL STREET ,PHILADELPHIA,PA,19125,CATHERINE DENTINO,CATHERINE@FIREBALLPRINTING.COM,,2025-08-22 04:00:00+00,138
"Firmus Ventures, LLC",1628 JFK BLVD SUITE 1802,PHILADELPHIA,PA,19103,ADE LAWAL,Ade.Lawal@ExpressPros.com,,2025-08-28 04:00:00+00,139
"FISCHER MECHANICAL, INC. DBA MALLARD MECHANICAL",100 SOUTH BROAD STREET SUITE 2221,PHILADELPHIA,PA,19110,MICHAEL MCENTEE,MICHAEL.MCENTEE@MALLARD-MECHANICAL.COM,,2025-07-31 04:00:00+00,140
FLATIRON BUILDING CO INC,5189-91 Ridge Avenue ,Philadelphia,PA,19128,Scott Dalinka,marym@flatironbuildingco.com,,2025-07-31 04:00:00+00,142
FLAT WORLD MEDIA PRODUCTIONS LLC (DBA BEAUMONDE ORIGINALS),3128 N 35TH STREET ,PHILADELPHIA,PA,19132,CATHIE BERREY,CATHIE@BEAUMONDEORIGINALS.COM,,2026-03-10 04:00:00+00,141
"Fluidics, Inc.",10981 Decatur Road SUITE 1,PHILADELPHIA,PA,19154,Michael J Iacobucci,finance@fluidics.com,,2025-07-31 04:00:00+00,143
FOOD SHELTER INC.,2415 SOUTH STREET ,PHILADELPHIA,PA,19146,LORRAINE GIMBLETT,LORRAINE@FOOD-SHELTER.COM,,2025-03-11 04:00:00+00,144
"FORTRESS PROTECTION, LLC",1905 South 13th St ,Phildelphia,PA,19148,Ted Campbell,ted@fortressprotection.com,,2025-08-06 04:00:00+00,145
FOUNTAIN OF KNOWLEDGE LLC,4012 WELLS STREET ,PHILADELPHIA,PA,19135,STACIE THOMPSON,MSSTACI@FOUNTAINOFKNOWLEDGE.ORG,,2025-07-22 04:00:00+00,146
"Four Seasons Total Landscaping, Inc.",7339 State Road ,Philadelphia,PA,19136,Marie Siravo,accounting@fstl1992.com,,2025-07-31 04:00:00+00,147
"Fox Chase Electrical, Inc.",7925 BURHOLME AVENUE ,PHILADELPHIA,PA,19111,CAROL WALSH,FOXLCWALSH@AOL.COM,,2025-07-31 04:00:00+00,148
"Frankford Machinery, Inc.",4500 TORRESDALE AVENUE ,PHILADELPHIA,PA,19124,NICK KASHKASHIAN,NICK@FRANKFORDONLINE.COM,,2025-07-31 04:00:00+00,149
FREDDIES AUTO PARTS INC,6330 W Passyunk Ave ,Philadelphia,Pa,19153,Freddie Baker,fapsalvagecars@gmail.com,,2025-07-31 04:00:00+00,150
FULL BEING SERVICES,"7439 FRANKFORD AVE, LOWER LEVEL #2 ",PHILADELPHIA,PA,19136,CHRISTOPHER BROWN,SUPPORT@FULLBEINGSERVICES.COM,,2026-01-15 05:00:00+00,151
"FUTURENET, INC.",4548 Market St Suite M-18,Philadelphia,PA,19139,Noel Lowe,fni@fnetinc.com,,2025-08-22 04:00:00+00,152
"GDLOFT, LLC",1400 N AMERICAN STREET TE 402,PHILADELPHIA,PA,19122,KEVIN KERNAN,KEVIN@GDLOFT.COM,,2025-09-04 04:00:00+00,153
GENERAL ASPHALT PAVING CO. OF PHILADELPHIA,9301 KREWSTOWN ROAD ,PHILADELPHIA,PA,19115,AUSTIN MEEHAN III,JMS@VOICENET.COM,,2025-07-31 04:00:00+00,154
GERMAN AMERICAN MARKETING INC,611 SPRING GARDEN ST ,PHILADELPHIA,PA,19123,THOMAS BAUER,INFO@PHILACHRISTMAS.COM,,2025-08-28 04:00:00+00,155
"GIRL CONCRETE,INC.",2001 MARKET STREET STE. 2005,PHILADELPHIA,PA,19103,LYNETTE SUTTON,INFO@GIRLCONCRETE.COM,,2025-07-31 04:00:00+00,156
GLOBAL SYNERGIES LLC,1410 N 16TH ST ,PHILADELPHIA,PA,19121,CAROL ZACHARY SMITH,CAROLSMITH@4GLOBALSYNERGIES.COM,,2025-08-20 04:00:00+00,157
GLOBAL TRANSPORT SOLUTIONS LLC,7391 RUGBY ST ,PHILADELPHIA,PA,19138,TIA S. MCNEIL,GLOBALTRANSPORTSOLUTIONS215@GMAIL.COM,,2025-08-22 04:00:00+00,158
GOMES EXPRESS INC.,2900 ORTHODOX STREET ,PHILADELPHIA,PA,19137,VEENA GOMES,VGOMES@GOMESEXPRESS.COM,,2025-12-10 05:00:00+00,159
GORDOS AND SONS TOWING SERVICES LLC,4211 BENNER ST ,PHILADELPHIA,PA,19135,LUIS TUBEN-CORTES,TUBENS68@GMAIL.COM,,2025-07-22 04:00:00+00,160
GRACIE PAINTING LLC,2783 Roberts Ave ,Philadelphia,PA,19129,Maude Wright,JVGPaintng@aol.com,,2025-08-22 04:00:00+00,161
Green Building United,1601 Market Street Suite 2270,PHILADELPHIA,PA,19103,Emily Pugliese,info@greenbuildingunited.org,,2025-08-22 04:00:00+00,162
GREEN ESTATES LAWN SPRINKLERS INC,7331 RISING SUN AVENUE ,PHILADELPHIA,PA,19111,JOSEPH TOBIN,j.stemple@gelsnow.com,,2025-07-22 04:00:00+00,163
"Greenup Construction & Maintenance, Inc.",530 WALNUT STREET SUITE 998,PHILADELPHIA,PA,19106,Deanna Schmidt,dschmidt@akrf.com,,2025-07-31 04:00:00+00,164
"Grist, LLC",50 E SEDGWICK ST ,PHILADELPHIA,PA,19119,THOMAS HALLIWELL,TJH@GRISTDESIGN.COM,,2025-08-22 04:00:00+00,165
"Ground Reconsidered, Inc.",915 Spring Garden St Suite 403,Philadelphia,Pa,19123,Karen Skaffe,skaffe@groundreconsidered.com,,2024-05-09 04:00:00+00,166
"Haines & Kibblehouse, Inc.",4747 SOUTH BROAD STREET ,PHILADELPHIA,PA,19112,JOHN MAST,JMAST@HKGROUP.COM,WWW.HKGROUP.COM,2025-08-19 04:00:00+00,167
HAIR DU JOUR SALON,1989 N 63RD STREET ,PHILADELPHIA,PA,19151,ANTOINETTE MORRIS,HAIRSTYLIST215@YAHOO.COM,,2026-03-10 04:00:00+00,168
HALO STAFFING AGENCY DBA HALO HOME CARE,6401 AKRON STREET ,PHILADELPHIA,PA,19149,CARMEN FERNANDEZ,CFERNANDEZ@HALOSTAFFING.ORG,,2026-01-15 05:00:00+00,169
HARMAN DEUTSCH CORP DBA HARMAN DEUTSCH OHLER ARCHITECTURE,1225 N 7TH STREET ,PHILADELPHIA,PA,19122,KIMBERLY WITTENBERG,KIM@HDOARCH.COM,,2026-01-15 05:00:00+00,170
"HARPHERS, INC","3900 CITY AVE, APT A820 ",PHILADELPHIA,PA,19147,FAREEDA HARPER,INFO@POTTYMOUTHGRANNYPORTABLES.COM,,2025-12-10 05:00:00+00,171
HELM CREATIVE STUDIO,632 N 2ND STREET PMB 918,PHILADELPHIA,PA,19123,ASHLEE HOLLIS,HELLO@HELMCREATIVESTUDIO.COM,,2025-08-12 04:00:00+00,172
"Herman Goldner Co., Inc.",7777 BREWSTER AVENUE ,PHILADELPHIA,PA,19153,MELODY CARR,MCARR@GOLDNER.COM,WWW.GOLDNER.COM,2025-07-31 04:00:00+00,173
HINGE COLLECTIVE,4523 LOCUST ST ,PHILADELPHIA,PA,19139,ALEXA BOSSE,ALEXA@HINGE-COLLECTIVE.COM,,2025-08-06 04:00:00+00,174
HITOUCH ENTERPRISES,"30 S 15TH STREET, 15TH FLOOR ",PHILADELPHIA,PA,19102,FELICIA WILLIAMS,FELICIAWILLIAMS@HITOUCHINC.COM,,2026-01-15 05:00:00+00,175
HNTB Corporation,1600 Market Street Suite 3600,Philadelphia,PA,19103,"Michele Legg - AVP, Director of Corporate Tax",hntbtax@hntb.com,,2025-12-10 05:00:00+00,176
HUMAN RESOURCES MANAGERS ON THE MOVE LLC ( HR MOM LLC),6375 W. COLUMBIA AVE ,PHILADELPHIA,PA,19151,CORINNE GREEN,CORINNE@HRMOMLLC.COM,,2025-09-04 04:00:00+00,177
HURLEY FRANKS & ASSOCIATES,1500 WALNUT STREET SUITE 800,PHILADELPHIA,PA,19102,PHILIP FRANKS,PEFRANKS@HFADESIGN.COM,,2025-07-31 04:00:00+00,178
HYDE ELECTRIC CORP,3441 BOWMAN ST ,PHILADELPHIA,PA,19129,KENNETH FUNK,HYDEELECTRICJOANN@GMAIL.COM,,2025-07-31 04:00:00+00,179
"HYGIEIA CONSULTING, LLC",819 N WOODSTOCK STREET ,PHILADELPHIA,PA,19130,MELANIE CATALDI,MCATALDI@HYGIEIA.LLC,,2025-10-15 04:00:00+00,180
Ian Smith Design Group LLC,322 East Thompson Street ,PHILADELPHIA,PA,19125,IAN SMITH,IAN.SMITH@IS-DG.COM,,2025-08-19 04:00:00+00,181
IEI GROUP LTD,4001 Main Street Suite 203,Philadelphia,Pa,19127,Rosemary Español,respanol@ieigroup.com,,2024-10-23 04:00:00+00,182
IMAGE COMPONENTS INC,2502 EDGEMONT STREET ,PHILADELPHIA,PA,19125,DENNIS S BYRNES,DBYRNES@ALLBEND.COM,,2025-07-31 04:00:00+00,183
"IMPRESSO COFFEE, LLC",3525 I ST SUITE 205,PHILADELPHIA,PA,19134,KEITH RODEMER,KEITH@IMPRESSO.com,,2024-07-26 04:00:00+00,184
IN A FLASH PLUMBING & HEATING INC.,9236 KEYSTONE STREET ,PHILADELPHIA,PA,19114,ROBBIN  NOCELLA,ROBBIN@INAFLASHPLUMBING.COM,,2025-07-31 04:00:00+00,186
Inch and Meter PC,21 S 11TH ST FLOOR 2,PHILADELPHIA,PA,19107,JELENA MATIC,INFO@INCHANDMETER.COM,,2025-07-31 04:00:00+00,187
INDEPENDENT HARDWARE INC,14 S. FRONT STREET ,PHILADELPHIA,PA,19106,VINCENT CAMPAGNA,SALES@INDEPENDENTHARDWARE.COM,WWW.INDEPENDENTHARDWARE.COM,2025-07-31 04:00:00+00,188
INDIAN PRINCESS HAIR LLC.,5704 N. CAMAC STREET ,PHILADELPHIA,PA,19141,ASYA RICHARDSON,INFO@INDIANPRINCESSHAIR.COM,,2024-07-30 04:00:00+00,189
IN & OUT MOVING SERVICE LLC,1700 MARKET STREET SUITE 1005 ,PHILADELPHIA,PA,19103,LENWARD MITCHELL,INANDOUTMOVINGSERVICE@GMAIL.COM,,2026-02-04 05:00:00+00,185
IntelliSys Solutions Group,1930 SOUTH BROAD ST ,PHILADELPHIA,PA,19145,BILL GORE,BILL.GORE@INTELLISYS-GROUP.COM,,2025-08-19 04:00:00+00,190
INTERFACE STUDIO LLC,340 N 12TH STREET SUITE #419,PHILADELPHIA,PA,19107,SCOTT PAGE,SCOTT@INTERFACE-STUDIO.COM,,2025-07-22 04:00:00+00,191
"INTERNATIONAL CONSULTANTS, INC.","221 CHESTNUT STREET, SUITE 200 ",PHILADELPHIA,PA,19106,MICHAEL FUNK,MFUNK@ICICONST.COM,,2026-01-15 05:00:00+00,192
"International Electrical Consultants, LTD",7900 REAR FRANKFORD AVE SUITE 1,PHILADELPHIA,PA,19136,ELEANOR DaSILVA,IEC.ELLED@GMAIL.COM,,2025-01-16 05:00:00+00,193
"ISA - INTERFACE STUDIO ARCHITECTS, LLC",1400 N AMERICAN ST #301 ,PHILADELPHIA,PA,19122,BRIAN PHILLIPS,INFO@IS-ARCHITECTS.COM,,2025-08-22 04:00:00+00,194
"IT STARTS WITH ME, LLC",729 COBBS CREEK PARKWAY ,PHILADELPHIA,PA,19143,NICOLE KENNEY,ISWM@NICOLEEKENNEY.COM,,2025-12-10 05:00:00+00,195
JACCARANDA EVENTS,4345 ORCHARD STREET ,PHILADELPHIA,PA,19124,URIM MORINA,URIM@JACCARANDAEVENTS.COM,,2026-01-15 05:00:00+00,199
JAMES D MORRISSEY INC,9119 FRANKFORD AVENUE ,PHILADELPHIA,PA,19114,Don Michell,dMichell@jdm-inc.com,,2025-08-01 04:00:00+00,200
"James J. Anderson Construction Co., Inc.",6958 TORRESDALE AVENUE SUITE 200,PHILADELPHIA,PA,19135,Tony Giaquinto,tonyg@jjaconstruction.com,WWW.JJACONSTRUCTION.COM,2025-08-01 04:00:00+00,201
J. COOPERSTEIN HOSPITALITY CONSULTING LLC,417 SPRUCE ST ,PHILADELPHIA,PA,19106,JAMIE COOPERSTEIN,JAMIE@JCOOPCONSULTING.COM,,2025-08-19 04:00:00+00,197
"J D EVANS SOLUTIONS, LLC","226 W RITTENHOUSE SQUARE, SUITE 914 ",PHILADELPHIA,PA,19103,JASON D EVANS,ADMIN@JDEVANSSOLUTIONS.COM,,2025-10-15 04:00:00+00,196
JIMMY'S TREE & LANDSCAPING CONTRACTORS LLC,5415 N Water Street ,Philadelphia,PA,19120,James Long,jimmyslndscping@aol.com,,2025-08-01 04:00:00+00,202
JOHN J BEE INC,547 N 5TH STREET ,PHILADELPHIA,PA,19123 4023,JOHN BEE,JJBEEINC@COMCAST.NET,,2025-08-19 04:00:00+00,203
"Joseph Dugan, Inc.",905 Bethlehem Pike ,Erdenheim,PA,19038,Mary Sherkness,msherkness@josephduganinc.com,,2025-08-01 04:00:00+00,204
"JPC Group, Inc.",1309-19 S HARMONY STREET ,PHILADELPHIA,PA,19146,JOSEPH PETRONGOLO,JOEP2@JPCGROUPINC.COM,WWW.JPCGROUPINC.COM,2025-08-01 04:00:00+00,205
JPG Photography,180 Green Lane ,Philadelphia,PA,19127,Joseph Gidjunis,hello@jpgphotovideo.com,,2025-10-15 04:00:00+00,206
"JUST IT'S ELECTRIC, LLC",4552 Linmore Avenue ,PHILADELPHIA,PA,19143,ERIK TRUXON,INFO@JUSTITSELECTRIC.COM,,2025-08-01 04:00:00+00,207
JustLaws PLLC,621 W MOUNT AIRY AVE ,PHILADELPHIA,PA,19119,STEVE MASTERS,STEVE@JUSTLAWS.ORG,,2025-08-01 04:00:00+00,208
J. WILD LLC D/B/A RELENTLESS GROWTH,336 PEMBERTON ST ,PHILADELPHIA,PA,19147,JEFF WILD,JEFF@RELENTLESSGROWTH.CO,https://www.relentlessgrowth.co/,2025-08-19 04:00:00+00,198
"Kate Cowing Architect, LLC",736 N JUDSON ST ,PHILADELPHIA,PA,19130,KATE COWING,KCOWING@COWINGARCHITECT.COM,,2025-08-19 04:00:00+00,209
KBS TAX SERVICE INC.,5622 N 5TH STREET ,PHILADELPHIA,PA,19120,KAMIL SALTER,KSALTER@LIBTAXPHILLY.COM,,2025-10-15 04:00:00+00,210
KEAST & HOOD CO,1635 Market Street SUITE 1705,PHILADELPHIA,PA,19103,David J Russell,DRussell@keasthood.com,,2025-08-06 04:00:00+00,211
Kelly Maiello Architects,1420 Walnut Street Suite 1502,Philadelphia,PA,19102,Dori Bova,DBova@kmarchitects.com,,2026-02-04 05:00:00+00,212
Kensington Food Company,3437 D ST ,PHILADELOHIA,PA,19134,THOMAS SHERIDAN,TOM@KENSINGTONFOOD.COM,,2025-08-01 04:00:00+00,213
KIDS AND FAMILY INC.,342 E GORGAS LANE ,PHILADELPHIA,PA,19119,ESTHER HOMNICK,ESTHER@KIDSANDFAMILY.NET,,2025-10-15 04:00:00+00,214
KIERANTIMBERLAKE ASSOCIATES,841 N AMERICAN STREET ,PHILADELPHIA,PA,19123,DAVID KUROWSKI,dkurowski@kierantimberlake.com,,2025-08-20 04:00:00+00,215
KOREAN COMMUNITY DEVELOPMENT SERVICES CENTER,6055 NORTH 5TH STREET ,PHILADELPHIA,PA,19120,JAE JOO,JJOO@KOREANCENTER.ORG,,2025-07-22 04:00:00+00,216
KYE MANAGERS LLC,1829 W TIOGA STREET SUITE 1,PHILADELPHIA,PA,19140,KYONNE ISAAC,KYE4HOMES@GMAIL.COM,,2025-08-01 04:00:00+00,217
LABOV II PLUMBING AND HEATING INC,5000 UMBRIA ST ,PHILADELPHIA,PA,19128,BRIAN LAPERA,BRIAN@THELABOVCO.COM,,2025-08-01 04:00:00+00,219
LABOV PLUMBING & HEATING SUPPLY INC,5000 UMBRIA STREET ,PHILADELPHIA,PA,19128,ROBERTA CROES,ROBERTA@THELABOVCO.COM,,2025-08-01 04:00:00+00,220
LA PETITE TAX DAME LLC,637 SOUTH 57TH STREET ,PHILADELPHIA,PA,19143,SHAUNA JOY COLLINS,LAPETITETAXDAME@GMAIL.COM,,2025-10-15 04:00:00+00,218
LEAKE ENGINEERING LLC,2001 MARKET STREET SUITE 2500,PHILADELPHIA,PA,19103,ALEX BRUNO,ALEX@LEAKEENGINEERING.COM,,2025-03-11 04:00:00+00,221
"Lene's Daily Child Care, Inc.",238-40 S 60TH ST ,PHILADELPHIA,PA,19139,CHARLENE RAWLINSON,LENE@LENESCHILDCARE.COM,,2025-08-19 04:00:00+00,222
LEVERAGING LEGACIES LLC ( DBA: LLEGACIES COMMERCIAL CLEANING SERVICES),2248 N CARLISLE STREET ,PHILADELPHIA,PA,19132,LEAH NAKITARE,INFO@LLEGACIESCCS.COM,,2025-07-22 04:00:00+00,223
LEVRA LABS LLC,"520 CARPENTER LANE, ",PHILADELPHIA,PA,19119,STEFFEN CORNWELL,STEFFEN@LEVRALABS.COM,,2025-08-01 04:00:00+00,224
LEX GENERAL CONSTRUCTION INC,215 SOUTH BROAD ST 5TH FLOOR,PHILADELPHIA,PA,19107,BORIS KEYER,KEYSERNY@GMAIL.COM,,2025-01-21 05:00:00+00,225
Light Thief Productions,1239 S 15th St ,Philadelphia,PA,19146,James Jackson,jjackson@light-thief.com,,2025-08-01 04:00:00+00,226
LITTLE SUSIE'S,2532 EAST LEHIGH AVENUE ,PHILADELPHIA,PA,19125,DAN MARTINO,HELLO@LITTLESUSIES.COM,,2026-03-10 04:00:00+00,227
"Little Warrior Media, LLC",326 S. 43RD ST ,PHILADELPHIA,PA,19104,BRIAN GLAZER,BRIAN@LITTLEWARRIORAGENCY.COM,,2025-08-01 04:00:00+00,228
LO DESIGN COMPANY LLC,2116 LOCUST STREET ,PHILADELPHIA,PA,19103,LEA LITVIN,LEA@LODESIGNCO.COM,,2025-05-13 04:00:00+00,229
LOVE CITY BREWING COMPANY,1023 HAMILTON STREET ,PHILADELPHIA,PA,19123,MELISSA WALTER,MELISSA@LOVECITYBREWING.COM,,2025-10-15 04:00:00+00,230
"LOVE PRAY PEACE PROJECT; VETERANS RESIDENCE",5400 WYNDALE AVENUE ,PHILADELPHIA,PA,19131,KRISSI JUDD,KRISSIJ@LP3.ORG,,2025-08-01 04:00:00+00,231
"LSN CM&E, LLC",8030 Thouron Ave 2nd Floor,Philadelphia,Pa,19150,Randy Washington,Randy@lsn.com,,2024-05-15 04:00:00+00,232
"Magnum Group, Inc.",610 South 2nd Street ,Philadelphia,PA,19147,Vivian Isaak,visaak@magnumgroupinc.com,,2025-02-04 05:00:00+00,235
"Mangual Demolition, Inc.",2301 N 52nd Street ,Philadelphia,PA,19131,Carla Mangual,carla@mangualconstruction.com,,2026-02-04 05:00:00+00,236
Manna Supply,1516 N 5th ST SUITE 505,PHILADELPHIA,PA,19122,AMANDA MARTIN,AMANDA.MARTIN@MANNASUPPLY.COM,,2025-08-01 04:00:00+00,237
"Marie Cunningham Ent., Inc.",904 INVERNESS LANE ,PHILADELPHIA,PA,19128,MARIE CUNNINGHAM,MARIECUNNINGHAMENT@GMAIL.COM,,2025-01-16 05:00:00+00,238
"MARK B THOMPSON Associates, PC",2401 Walnut Street Suite 102,PHILADELPHIA,PA,19103,CLAIRE DONATO,CDONATO@MBTARCHITECTS.COM,,2025-08-01 04:00:00+00,239
MARTIN H CHAN PC,18 CAMPUS BLVD SUITE 100,NEWTOWN SQUARE,PA,19073,MARTIN H CHAN,MCHAN@MHCCPA.COM,,2025-10-15 04:00:00+00,240
Marx M.E.U. Inc,2814 E ALLEGHENY AVE ,PHILADELPHIA,PA,19135,APOSTOLOS KOTSASPYROU,INFO@MARXMEDICALEQUIPMENT.COM,,2025-01-16 05:00:00+00,241
MASKAR DESIGN INC,1606 WALNUT ST SUITE 1502,PHILADELPHIA,PA,19103,KATE MASKAR,MASKAR@MASKAR.COM,,2025-08-01 04:00:00+00,242
MASTERS GROUP DESIGN,2315 NAUDAIN STREET ,PHILADELPHIA,PA,19146,LISA WEINBERGER,LISA@MGDPHILLY.COM,,2024-11-18 05:00:00+00,243
"MAVEN COMMUNICATIONS, LLC",123 South Broad Street Suite 830,Philadelphia,PA,19109,Rebecca Devine,rdevine@mavenagency.com,,2025-08-19 04:00:00+00,244
MC  INVESTMENT AND CONSULTING GROUP LLC,50 SOUTH 16TH STREET 17TH FL,PHILADELPHIA,PA,19102,MARILYN CLARK,Marilyn@mcinvestmentandconsultinggroup.com,,2025-08-01 04:00:00+00,245
MCKNIGHT INTERNATIONAL,5354 N 15TH STREET ,PHILADELPHIA,PA,19141,SHAWN PRESSLEY,SPRESSLEY@MCKNIGHTINTL.COM,,2025-12-10 05:00:00+00,246
"M. DAVIS AND COMPANY, INC.",1015 Chestnut St Suite 317,Philadelphia,Pa,19107,Morris Davis,accounting@mdavisco.com,www.mdavisco.com,2025-08-01 04:00:00+00,234
MEALS DIRECT LLC,3801 ARAMINGO AVENUE UNIT 27,PHILADELPHIA,PA,19137,MIKE ZABEL,MZABEL@MEALSDIRECTLLC.NET,,2025-08-28 04:00:00+00,247
METCALFE ARCHITECTURE & DESIGN LLC,234 MARKET STREET 5TH FLOOR,PHILADELPHIA,PA,19106,Stephanie Lefakis,stephaniel@metarchdesign.com,,2025-08-12 04:00:00+00,248
"Metropolitan Acoustics, LLC","1628 JFK Blvd., 8 Penn Center, Suite 1902 ",Philadelphia,PA,19103,Erin Davies,e.davies@metro-acoustics.com,,2026-01-15 05:00:00+00,249
MEZZAROBA PLUMBING AND HEATING LLC,2839 S 16TH ST ,PHILADELPHIA,PA,19145,MIKE MEZZAROBA,MIKE@MEZZAROBAPLUMBING.COM,,2024-10-01 04:00:00+00,250
"MFR Consultants, Inc.","Atrium At Olde City, 128 Chestnut Street ",Philadelphia,PA,19106,Andrew Speizman,aspeizman@mfrconsultants.com,,2025-10-09 04:00:00+00,251
MGA PARTNERS LLC,234 MARKET STREET 2ND FLOOR,PHILADELPHIA,PA,19106,CLAIRE FOLKMAN,ACCOUNTING@MGAPARTNERS.COM,,2025-05-13 04:00:00+00,252
MID HARDWARE,2800 W DAUPHIN ST SUITE 420,PHILADELPHIA,PA,19132,DON SON,SUPPORT@MIDHARDWARE.COM,,2025-08-01 04:00:00+00,253
MILESTONE CONSTRUCTION MANAGEMENT INC,101 GEIGER RD SUITE 6,PHILADELPHIA,PA,19115,SUSAN ELWELL,ELWELL@MILESTONECM.NET,,2025-01-16 05:00:00+00,254
"MILLIGAN AND COMPANY, LLC",105 N 22ND STREET 2ND FLOOR,PHILADELPHIA,PA,19103,MICHAEL KEENEY,MKEENEY@MILLIGANCPA.COM,,2025-08-28 04:00:00+00,255
MINUTEMAN PRESS PHILADELPHIA,932 E Hunting Park Avenue ,PHILADELPHIA,PA,19124,JUDE ARIJAJE,JARIJAJE@MINUTEMANPRESSPHL.COM,,2025-08-01 04:00:00+00,256
MISSION PARTNERS GROUP LLC,111 S. INDEPENDENCE MALL SUITE 800,PHILADELPHIA,PA,19106,INGRID BOUCHER,INFO@BLOOMPLANNING.COM,,2025-08-12 04:00:00+00,258
MISS MAHOGANY,6133 ELLSWORTH STREET ,PHILADELPHIA,PA,19143,Aisha Al-Muid,MISSMAHOGANYPHILLY@GMAIL.COM,,2025-12-10 05:00:00+00,257
MJ Settelen Construction LLC,230 S. BROAD ST ,PHILADELPHIA,PA,19102,JOANNE SETTELEN,JOANNE@MJSETTELEN.COM,,2025-08-01 04:00:00+00,259
M & M Lawn Care East Inc.,1251 BYBERRY ROAD UNIT 5,PHILADELPHIA,PA,19116,PAUL MARTIN,MMLAWNCAREMARTIN@GMAIL.COM,,2025-08-01 04:00:00+00,233
Monster Doc Shred Inc,9216 State Rd ,Philadelphia,Pa,19114,Lisa Affatato-Bradley,info@monsterdocshredinc.com,,2025-08-01 04:00:00+00,260
"Morgan Construction Management, LLC",2929 ARCH ST SUITE 1700,PHILADELPHIA,PA,19104,ANGEL HACKNEY,AHACKNEY@MORGANCML.COM,,2025-10-30 04:00:00+00,261
MOTO DESIGNSHOP INC.,228 VINE STREET ,PHILADELPHIA,PA,19106,ADAM MONTALBANO,ADAM@MOTODESIGNSHOP.COM,,2025-08-01 04:00:00+00,262
MPN D/B/A ACTIVE RADIATOR,3675 AMBER STREET ,PHILADELPHIA,PA,19134,PAUL LUFF,PAULL@ACTIVERADIATOR.COM,,2025-01-16 05:00:00+00,263
"MR. KITT'S SERVICE CENTER, INC.",4501 STENTON AVENUE ,PHILADELPHIA,PA,19144,ANTHONY KITT,INFO@MRKITTSINC.COM,,2025-12-10 05:00:00+00,264
MULHERN ELECTRIC CO INC,1515 MARKET STREET SUITE 1200,PHILADELPHIA,PA,19102,"JOHN T. MULHERN, JR.",JOHN@MULHERNELECTRIC.COM,,2025-08-01 04:00:00+00,265
"MYRIAGON CONSULTING GROUP, LLC",1105 BRANDYWINE STREET ,PHILADELPHIA,PA,19123,NESTOR TORRES,INFO@MYRIAGONCONSULTING.COM,,2025-07-22 04:00:00+00,266
Najmun LLC,2717 W Silver Street ,Philadelphia,PA,19132,Geneva Pugh,support@najmunllc.com,,2026-03-10 04:00:00+00,267
NASTECH LLC,9991 FERNDALE ST ,PHILADELPHIA,P,19115,NASRALDIN OMER,NASTECHLLC1@GMAIL.COM,,2025-08-01 04:00:00+00,268
"National Chemical Laboratories, Inc.",401 NORTH 10TH STREET ,PHILADELPHIA,PA,19123,HARRY POLLACK,HPOLLACK@NCLONLINE.COM,WWW.NCLONLINE.COM,2025-08-01 04:00:00+00,270
"NATION BUILDERS, LLC","2537 FRANKFORD AVE, UNIT C ",PHILADELPHIA,PA,19125,JOSH MATHEW,JOSH@NATIONBLD.COM,,2026-03-10 04:00:00+00,269
NEFF & ASSOCIATES INC,13 SOUTH 3RD ST ,PHILADELPHIA,PA,19106,MARYANN LUDWICK,ML@NEFFKNOWS.COM,,2025-08-01 04:00:00+00,271
NELLO CONSTRUCTION CO INC,2935 EAST VICTORIA STREET ,PHILADELPHIA,PA,19134,NELLO NATICCHIONE,NELLOSR@AOL.COM,,2025-08-01 04:00:00+00,272
"NEXT STEP ASSOCIATES, LLC",7300 City Ave Suite 310,Philadelphia,Pa,19151,Cassandra jones,cwjcao19f@yahoo.com,,2025-08-19 04:00:00+00,273
"NORTHEAST FENCE & IRON WORKS, INC.",8451 HEGERMAN STREET ,PHILADELPHIA,PA,19136,DIANE CHARLTON,NEFMANAGER@COMCAST.NET,,2025-08-01 04:00:00+00,275
NORTH STAR ELECTRICAL SUPPLY CO,7900 FRANKFORD AVENUE ,PHILADELPHIA,PA,19136,ELEANOR CHEPIGA,NSESC89@AOL.COM,,2025-08-01 04:00:00+00,274
"OCTO DESIGN GROUP, INC.",836 SOUTH STREET ,PHILADELPHIA,PA,19147,WENDY D VERNA,WENDY@OCTODESIGN.COM,,2025-08-19 04:00:00+00,278
O'DONNELL ALLIANCE LLC,8516 RISING SUN AVE ,PHILADELPHIA,PA,19111,TERRI O'DONNELL,TERRI@ODONNELLALLIANCE.COM,,2025-08-01 04:00:00+00,277
O'DONNELL & NACCARATO,"701 MARKET ST, #6000 ",PHILADELPHIA,PA,19106,Scott Bauer,sbauer@O-N.COM,,2026-01-15 05:00:00+00,276
OLIN PARTNERSHIP LTD,1617 John F Kennedy Blvd Ste 1900,Philadelphia,Pa,19103,Steven Dubin,sdubin@theolinstudio.com,,2025-08-01 04:00:00+00,279
Olivieri & Associates,7411 Holstein Avenue ,PHILADELPHIA,PA,19153,MARIA OLIVIERI,MARIA@OLIVIERIANDASSOC.COM,OLIVIERIANDASSOC.COM,2025-08-01 04:00:00+00,280
"Omega Restoration, Inc",4455 N. 6th St ste 200,Philadelphia,PA,19140,Brian Mast,brian@smomega.com,www.smomega.com,2025-01-21 05:00:00+00,281
Oneida Fire Protection,421 N. 7TH STREET SUITE 401,PHILADELPHIA,PA,19123,ALEXANDER HAMMELBACHER,INFO@ONEIDAFIREPROTECTION.COM,ONEIDAFIREPROTECTION.COM,2025-08-01 04:00:00+00,283
ON POINT PLUMBING,2400 GERMANTOWN AVE ,PHILADELPHIA,PA,19133,DENNIS SHIFRIN,DENNIS@PLUMBING215.COM,,2026-02-04 05:00:00+00,282
OPS Security Group,1500 S. COLUMBUS BLVD SUITE 6,PHILADELPHIA,PA,19147,DANIEL COSTA,DAN@OPSSECURITYGROUP.COM,,2025-08-01 04:00:00+00,284
OUR COMMUNITY STAFFING AGENCY INC,234 S 60TH STREET SUITE 130,PHILADELPHIA,PA,19139,MUSA SULAIMAN,EXECS@OCSACO.COM,,2026-03-10 04:00:00+00,285
PACE ARCHITECTURE AND DESIGN LLC,1722 E. PASSYUNK AVE ,PHILADELPHIA,PA,19144,BENJAMIN ESTEPANI,BEN@PACE-AD.COM,,2025-08-01 04:00:00+00,287
PACIFICO FORD INC,6701 ESSINGTON AVE ,PHILADELPHIA,PA,19153,J BYRNE,JBYRNE@PACIFICOCARS.COM,WWW.PACIFICOCARS.COM,2025-08-01 04:00:00+00,288
P AGNES INC,2101 PENROSE AVENUE ,PHILADELPHIA,PA,19145,PATRICK S. PASQUARIE,PPASQUARIELLO@PAGNES.COM,,2025-08-01 04:00:00+00,286
PALMER WATERPROOFING INC,2175 BENNET ROAD ,PHILADELPHIA,PA,19116,Joette Ruk,joette@palmerinc.net,,2025-12-10 05:00:00+00,289
PANNULLA CONSTRUCTION CO INC,454-456 CONARROE STREET SUITE 1,PHILADELPHIA,PA,19128,JOE PANNULLA,PANNULLACONSTRUCTION@COMCAST.NET,,2025-08-01 04:00:00+00,290
Paradise Pillow inc.,2207 W GLENWOOD AVE ,PHILADELPHIA,PA,19132,FREDDY HALFON,TONIA@PARADISEPILLOW.COM,,2025-08-01 04:00:00+00,291
"Paramount Electrical Services, LLC",6500 EASTWICK AVE ,Philadelphia,PA,19142,Richard Swipes,rich@paramountelectricalservices.com,,2025-08-01 04:00:00+00,292
Paramount Key Consulting LLC,1947 S Cecil St ,Philadelphia,PA,19143,Nadia Saidu-Kamara,saidukamaran@yahoo.com,,2025-08-28 04:00:00+00,293
Paul's Building Maintenance,1800 JFK BLVD SUITE 300,PHILADELPHIA,PA,19103,PAUL LEE,PAUL@PAULSBUILDING.COM,,2025-08-01 04:00:00+00,294
PELHAM ADVISORS,303 PELHAM ROAD ,PHILADELPHIA,PA,19119,BRIAN ABERNATHY,BRIAN@PELHAMADVISORS.COM,,2026-03-10 04:00:00+00,295
Pennoni Associates Inc.,1900 MARKET ST SUITE 300,PHILADElPHIA,PA,19103,MARK T. CELONI,MCELONI@PENNONI.COM,,2025-08-01 04:00:00+00,297
Penn Power Group,8330 State Road ,Philadelphia,PA,19136,Alan Ulch,rfq@pennpowergroup.com,,2026-02-04 05:00:00+00,296
"PERCEPTIONS UNLIMITED, LLC",6344 GREENE STREET ,PHILADELPHIA,PA,19144,ROCHELLE PETERSON-ANSARI,INFO@PERCEPTIONUNLTD.COM,,2025-07-22 04:00:00+00,298
PERMIT PHILLY LLC,"100 S JUNIPER ST, 3RD FLOOR ",PHILADELPHIA,PA,19107,ERIC BRETT MADSEN,BRETT@PERMITPHILLY.COM,,2025-08-01 04:00:00+00,299
Personal Care Home C & G Medical Clinic,4104 N 12TH STREET ,PHILADELPHIA,PA,19140,TRACEY JOHNSON,ADMIN@PERSONALCAREHOMECG.NET,,2025-07-22 04:00:00+00,300
PETRONGOLO CONTRACTORS INC,2120 HOMESTEAD STREET ,PHILADELPHIA,PA,19145,RONALD P PETRONGOLO,RPP129@COMCAST.NET,,2025-08-01 04:00:00+00,301
PHILADELPHIA ARTS IN EDUCATION PARTNERSHIP,440 N. BROAD ST 3RD FLOOR PORTAL A,PHILADELPHIA,PA,19130,PEARL SCHAEFFER,PSCHAEFFER@PAEP.NET,,2025-08-19 04:00:00+00,302
PHILADELPHIA CATERING COMPANY,2019 SOUTH 26TH STREET ,PHILADELPHIA,PA,19145,ALAN DECECCO,ALAN@PHILADELPHIACATERING.COM,WWW.PHILADELPHIACATERING.COM,2025-08-01 04:00:00+00,303
"Philip Pio Construction, Inc.",3227 S 76th St ,PHILADELPHIA,PA,19153,PHILIP PIO,BEVPIO@PIOCONSTRUCTION.COM,,2025-08-01 04:00:00+00,304
PHILLY FOODWORKS LLC,1978 W HUNTING PARK AVE ,PHILADELPHIA,PA,19140,MILKA LOPEZ,MILKA@PHILLYFOODWORKS.COM,,2025-08-22 04:00:00+00,305
PHOENIX ENERGY GROUP INC D/B/A CARDINAL USA FUEL OIL,4985 LANCASTER AVENUE ,PHILADELPHIA,PA,19131,ED MCCULLEY,EMCCULLEY@AOL.COM,WWW.CARDINALUSA.COM,2025-08-20 04:00:00+00,306
PHRESH PRINTS INK,2825 N 22nd Street ,Philadelphia,PA,19132,Nasir Yard,ppigraphic@gmail.com,,2025-08-01 04:00:00+00,307
PILL BUG CONSTRUCTION LLC,1918 PEMBERTON STREET ,PHILADELPHIA,PA,19146,ANTONIO CERQUEIRA,ANTONIO@PILLBUGCONSTRUCTION.COM,,2025-07-22 04:00:00+00,308
Pixel Parlor,2424 E York Street 222,PHILADELPHIA,PA,19125,Jenn Richey Nicholas,jenn@pixelparlor.com,,2026-01-15 05:00:00+00,309
PMICHAEL BOONE FOUNDATION,532 MIDVALE AVE ,PHILADELPHIA,PA,19144,PRENTICE M BOONE,HAUTEBARBERINC@GMAIL.COM,,2025-12-10 05:00:00+00,310
Pomerantz Acquisition Corp,123 S. Broad Street Suite 1260,Philadelphia,PA,19109,JEAN NORTH,inquiries@pomerantz.com,,2024-06-06 04:00:00+00,311
POP THE PIXEL,437 E SLOCUM STREET ,PHILADELPHIA,PA,19119,ADAM LYONS,ADAM@POPTHEPIXEL.COM,,2025-10-15 04:00:00+00,312
"PORT ARCHITECTURE AND URBANISM, LLC",53 W. JACKSON BLVD. SUITE 830,CHICAGO,IL,60604,ANDREW MODDRELL,MODDRELL@PORTURBANISM.COM,,2025-08-12 04:00:00+00,313
"POU AND PARTNERS, LLC","604 SOUTH WASHINGTON SQUARE, SUITE 606 ",PHILADELPHIA,PA,19106,TRACY POU,TRACY@POUANDPARTNERS.COM,,2025-12-10 05:00:00+00,314
PREFFERRED AUTOMOTIVE SPECIALISTS INC,6300 OXFORD AVENUE ,PHILADELPHIA,PA,19111,JOSEPH M PALERMO,PAS@PREFERRED-AUTO.NET,,2025-08-01 04:00:00+00,315
"PREMIUM ELECTRICAL SOLUTIONS, LLC",3155 WEYMOUTH STREET ,PHILADELPHIA,PA,19134,BRYHEEM BERRY,PESPHILLY@GMAIL.COM,,2026-01-15 05:00:00+00,316
PURPLE GLOVES CLEANING COMPANY,526 E SANGER STREET ,PHILADELPHIA,PA,19120,SIERRA WALKER,PURPLEGLOVESCC@GMAIL.COM,,2025-12-10 05:00:00+00,317
PZS Architects,4141 Station St Suite 107B,Philadelphia,PA,19127,Glenn Giddings,ggiddings@pzsarchitects.com,,2025-08-19 04:00:00+00,318
Q&L ELECTRIC LLC,4517 PENNYPACK STREET ,PHILADELPHIA,PA,19136,EDWARD QUIROZ,QL.ELECTRIC7@GMAIL.COM,,2025-05-13 04:00:00+00,319
QUANTUM INC.,240 SOUTH 9TH STREET ,PHILADELPHIA,PA,19107,JEAN WANG,JWANG@QUANTUMTRANSLATIONS.COM,,2025-12-10 05:00:00+00,320
"RAMLA BENAISSA ARCHITECTS, LLC","130 S 18TH STREET, UNIT 1303 ",PHILADELPHIA,PA,19103,RAMLA BENAISSA,RB@RAMLA-BENAISSA.COM,,2026-01-15 05:00:00+00,321
RAMOS & ASSOCIATES INC,300 DOMINO LANE ,PHILADELPHIA,PA,19128,JOSE L RAMOS,RAMOSASSOC@AOL.COM,,2025-08-01 04:00:00+00,322
RDS CONTRACTING GROUP INC,4719 MELON ST. ,PHILA.,PA,19139,RAYMOND SMITH,RAYBYRAY@AOL.COM,,2025-08-19 04:00:00+00,323
REBUILDING TOGETHER PHILADELPHIA,3001 STOKLEY STREET ,PHILADELPHIA,PA,19129,BRANDON ALCORN,BALCORN@REBUILDINGPHILLY.ORG,,2026-02-04 05:00:00+00,325
REFORMA ENVIRONMENTAL,407 Cross Street ,PHILADELPHIA,PA,19147,MARC CHARTIER,MARC@REFORMAENV.COM,,2025-05-13 04:00:00+00,326
REGENT HYDRAULIC & MACHINE WORKS,4051 CRESSON STREET ,PHILADELPHIA,PA,19127,BILL WHITLOCK,SALES@REGENTHYDRAULIC.COM,,2025-08-01 04:00:00+00,327
REIFY SOLUTIONS (THOUGHTPHIL),"2001 Market Street, Suite 2500 ",PHILADELPHIA,PA,19103,DR. SHANE D NELSON,SHANE@REIFYPHL.COM,,2026-02-04 05:00:00+00,328
Re:Vision Architecture,133 GRAPE ST ,PHILADELPHIA,PA,19127,BRIAN OLIVER,OLIVER@REVISIONARCH.COM,,2025-08-01 04:00:00+00,324
Riverside Materials Inc.,2870 E ALLEGHENY AVENUE ,PHILADELPHIA,PA,19134,SHARON RAFFO,SHARONR@RIVERSIDEMAT.COM,,2025-08-01 04:00:00+00,329
"ROCKITDATA, LLC",1 SOUTH BROAD STREET STE 2270,PHILADELPHIA,PA,19107,ERNIE DISANDRO,ROCK@ROCKITDATA.COM,,2024-11-18 05:00:00+00,330
"RODRIGUEZ CONSULTING, LLC",100 W. Oxford Street Suite E-3100,PHILADELPHIA,PA,19122,LOUIS RODRIGUEZ,LOU@RODRIGUEZCONSULTING.BIZ,,2025-08-01 04:00:00+00,331
ROMA CONCRETE INC,3225 S. 76TH ST ,PHILADELPHIA,PA,19153,SUSAN LITWIN,SUSAN@ROMACONCRETEINC.COM,,2025-08-01 04:00:00+00,332
Roofscapes Inc DBA Studio Sustena,4537 Wayne Avenue Suite 201,Philadelphia,PA,19144,Laura Hansplant,lhansplant@studio-sustena.com,,2025-12-10 05:00:00+00,333
ROSALES COMMUNICATIONS,510 CARPENTER LANE ,PHILADELPHIA,PA,19119,PERCY ROSALES,PERCY@ROSALESC.COM,,2024-12-17 05:00:00+00,334
ROUNDBALL EDUCATION INC.,212 S 42ND STREET 3R ,PHILADELPHIA,PA,19104,RONALD RAVENELL,ROUNDBALLEDUCATION13@GMAIL.COM,,2025-10-15 04:00:00+00,335
"RUE ELECTRIC, INC.",4936 NATIONAL STREET ,PHILADELPHIA,PA,19135,JOHN RUE,RUEELECTRIC@AOL.COM,,2025-12-10 05:00:00+00,336
RUGGIERO PLANTE LAND DESIGN,5900 Ridge Avenue ,Philadelphia,PA,19128,Cesira Ruggiero,cesira@ruggieroplante.com,,2025-05-13 04:00:00+00,337
SAFETEST SOLUTIONS,301 N 63RD STREET ,PHILADELPHIA,PA,19139,"SHACKEAL JOHNSON, CEO",SHACKEAL@SAFETESTSOLUTIONS.COM,,2025-10-15 04:00:00+00,338
SAGE SERVICES LLC,"15 W Highland Avenue, Suite H ",Philadelphia,PA,19118,Molly Hesson,molly.hesson@sageservicesh2o.com,,2026-03-10 04:00:00+00,339
Sanders D2R LLC,4606 OAKLAND ST ,PHILADELPHIA,PA,19124,STEVIE SANDERS,S.SANDERS215@HOTMAIL.COM,,2025-08-22 04:00:00+00,340
SANKOFA HEALING STUDIO,302 W SCHOOL HOUSE LANE ,PHILADELPHIA,PA,19144,JACQUI JOHNSON,therapy@sankofahealingstudio.org,,2025-12-10 05:00:00+00,341
SAY/DO Strategies,115 E Roumfort Rd Unit 12,Philadelphia,PA,19119,Melody N Wright,melodyw@saydostrategies.com,,2026-03-10 04:00:00+00,342
"Scotlandyard Security Services, Inc.",2243 W. ALLEGHENY AVENUE 2ND FLOOR,PHILADELPHIA,PA,19140,OMAR WILSON,OMAR.WILSON@SCOTLANDYARD-SECURITY.COM,WWW.SCOTLANDYARD-SECURITY.COM,2025-01-23 05:00:00+00,343
SEAMLESS LLC,5725 Knox St ,PHILADELPHIA,PA,19144,KHALIEF EVANS,khaliefevans@seamlesspros.com,,2025-08-01 04:00:00+00,344
"SERAVALLI, INC.",10059 SANDMEYER LANE ,PHILADELPHIA,PA,19116,CHARLES SERAVALLI,CHARLES.SERAVALLI@SERAVALLI.COM,,2025-08-01 04:00:00+00,345
Serving Modestly LLC,"1500 Chestnut street, STE #2631",PHILADELPHIA,PA,19102,Kellie Knights,info@servingmodestly.com,,2025-12-10 05:00:00+00,346
"SEVEN KNOTS PRODUCTIONS, LLC",3580 INDIAN QUEEN LANE ,PHILADELPHIA,PA,19129,TIM HARRIS,TIM@SEVENKNOTSFILMS.COM,,2025-08-19 04:00:00+00,347
SHANDS CLEANING CO. LLC,1716 SOUTH DOVER STREET ,PHILADELPHIA,PA,19145,ALONZO SHANDS,SHANDSCLEANINGCOMPANY@GMAIL.COM,,2025-08-01 04:00:00+00,348
SHELLY ELECTRIC CO INC,1126 CALLOWHILL STREET ,PHILADELPHIA,PA,19123,BRUCE D SHELLY,BSHELLY@SHELLYELECTRIC.COM,,2025-08-01 04:00:00+00,349
SHIFT SPACE DESIGN,3060 W JEFFERSON STREET ,PHILADELPHIA,PA,19121,MARIO GENTILE,MGENTILE@SHIFTSPACEDESIGN.COM,,2025-08-01 04:00:00+00,350
SHORT CIRCUIT ELECTRICAL LLC,2213 S COLORADO STREET ,PHILADELPHIA,PA,19145,BESNIK SHEFA,BESNIKSHEFA@GMAIL.COM,,2025-12-10 05:00:00+00,351
SIDWAY CONSULTANTS INC,7006 Elmwood Ave Suite 1,PHILADELPHIA,PA,19142,STANLEY I DIKE SR,INFO@SIDWAYCONSULTANTS.COM,,2025-08-01 04:00:00+00,352
SIRIUS CONTRACTING GROUP LLC,815 E HAINES STREET ,PHILADELPHIA,PA,19138,ALANA BRIDGES,SIRIUSCONTRACTINGGROUP@GMAIL.COM,,2025-08-06 04:00:00+00,353
"SITIO, LLC",2104 Market Street Suite 300,Philadelphia,PA,19103,Antonio Fiol-Silva,afs@SITIOau.com,,2025-08-28 04:00:00+00,354
SJ KAUFMAN LLC DBA CARLOS CARPET AND FLOORING,515 BAINBRIDGE ST ,PHILADELPHIA,PA,19147,SANJAY NAND,SANJAYNAND_2000@YAHOO.COM,,2025-08-19 04:00:00+00,355
SMALL TALK THERAPEUTIC SERVICES LLC,3502 SCOTTS LANE ,PHILADELPHIA,PA,19129,ALLISON MCDONALD,EARLYINTERVENTION@CLUBSMALLTALK.COM,,2025-12-10 05:00:00+00,356
"Smith Construction of Philadelphia, Inc",10400 Drummond Rd ,PHILADELPHIA,PA,19154,RENEE OHNTRUP,RMO@SMITHCONSTRUCTIONINC.COM,,2025-08-01 04:00:00+00,357
"Smokin' Sone's Fresh Grill, LLC",310 S 48th Street ,Philadelphia,PA,19143,Sonya R. Combs,smokinsone@gmail.com,,2025-08-28 04:00:00+00,358
SMP ARCHITECTS LTD,1600 WALNUT STREET 2ND FLOOR,PHILADELPHIA,PA,19103,TODD WOODWARD,TKW@SMPARCHITECTS.COM,,2025-08-01 04:00:00+00,359
Solar States,1500 N AMERICAN ST ,PHILADELPHIA,PA,19122,TODD BAYLSON,TODD@SOLAR-STATES.COM,,2025-08-01 04:00:00+00,360
"SOULGINEER, LLC","1500 CHESTNUT ST, SUITE 2 #1269 ",PHILADELPHIA,PA,19102,"MATHU DAVIS, PE",INFO@SOULGINEER.COM,,2025-08-28 04:00:00+00,361
SPIKES TROPHIES LTD,2701 Grant Avenue ,Philadelphia,PA,19114,Ted Westervelt,twestervelt@GoSpikes.com,,2025-08-22 04:00:00+00,362
SPRINGHOUSE CARPET AND UPHOLSTERY CLEANING CO.,4258 PARKSIDE AVE #3,PHILADELPHIA,PA,19104,GREGORY RUBIN,GREG@SPRINGHOUSECO.COM,www.springhouseco.com,2025-08-01 04:00:00+00,363
"Statera Coaching & Leadership Consulting, LLC",809 N 63RD ST UNIT 1,PHILADELPHIA,PA,19151,QUAISER ABDULLAH,BUSINESS@STATERACOACHING.COM,,2025-10-09 04:00:00+00,364
STEEGETHOMSON COMMUNICATIONS,230 S BROAD ST SUITE 200,PHILADELPHIA,PA,19102,Jill Wacker,ST@STEEGETHOMSON.COM,,2025-08-22 04:00:00+00,365
STELWAGON ROOFING SUPPLY INC,10096 SANDMEYER LANE ,PHILADELPHIA,PA,19116-3502,MAGGIE MCHALE,MHILL@STELWAGON.COM,www.stelwagon.com,2025-08-01 04:00:00+00,366
STIMULUS INC.,3675 MARKET ST. SUITE 200,PHILADELPHIA,PA,19106,"TIFFANIE STANARD,",TSTANARD@GETSTIMULUS.IO,,2025-08-20 04:00:00+00,367
STORMWATER SOLUTIONS LLC,5900 RIDGE AVE ,PHILADELPHIA,PA,19128,CESIRA RUGGIERO,CESIRA@STORMWATERSOLUTIONS.BIZ,,2025-08-01 04:00:00+00,368
STROTHER ENTERPRISES INC,100 S BROAD ST SUITE 2130,PHILADELPHIA,PA,19110,Michael S. Jackson,certification@strotherenterprises.com,,2025-08-22 04:00:00+00,369
STUDIO EDITION,1617 JFK BLVD SUITE 2039,PHILADELPHIA,PA,19103,MISA CHEN,MISA@MC-STUDIOEDITION.COM,,2025-08-01 04:00:00+00,370
SUPREME ARCHITECTS LLC,3421 RICHMOND STREET STE 101,PHILADELPHIA,PA,19134,MELISSA RAMOS,MRAMOS@SUPREMEARCHITECTSLLC.COM,,2025-08-19 04:00:00+00,371
"TALSON SOLUTIONS, LLC",41 N. 3RD ST ,PHILADELPHIA,PA,19106,ROBERT BRIGHT,INFO@TALSONSOLUTIONS.COM,,2025-10-09 04:00:00+00,373
T D P S MATERIALS,3870 N. 2ND STREET ,PHILADELPHIA,PA,19140,Greg Mullen,gregory.mullen@heidelbergmaterials.com,WWW.TDPSMATERIALS.COM,2025-08-19 04:00:00+00,372
TEACH LLC,903 N HANCOCK ST ,PHILADELPHIA,PA,19123,SARA MARINO,SARA@TEACHEACHSTUDENT.COM,,2024-12-17 05:00:00+00,374
Team Clean Inc.,104 N 63rd ST ,PHILADELPHIA,PA,19139,DONNA L. ALLIE,DALLIE@TEAM-CLEAN.COM,,2025-08-01 04:00:00+00,375
The Ballinger Co,"1650 ARCH STREET, 23RD FLOOR ",PHILADELPHIA,PA,19103,JASON GARWOOD,JGARWOOD@BALLINGER.COM,,2026-01-15 05:00:00+00,376
THE BOTTOM LINE INC.,4116 HOUGHTON STREET ,PHILADELPHIA,PA,19128,WALTER MOYER,WALTERMOYER@THEBOTTOMLINEINC.NET,,2025-10-15 04:00:00+00,377
The Business Route LLC,1119 PINE STREET SUITE 101,PHILADELPHIA,PA,19107,RAFAEL PEREZ,RAFAEL@THEBUSINESSROUTE.COM,,2025-08-01 04:00:00+00,378
"The Carlin Collaborative, LLC","1200 Intrepid Avenue, Suite 110 ",Philadelphia,PA,19112,Amanda Carlin,info@carlincollab.com,,2025-12-10 05:00:00+00,379
THE CECILIA GLOBAL GROUP,3000 CHESTNUT STREET #13224,PHILADELPHIA,PA,19101,CAROLYNNE SMITH,INFO@CECILIAGLOBALGROUP.COM,,2025-08-01 04:00:00+00,380
The Creative Group,440 S BROAD ST SUITE 1405,PHILADELPHIA,PA,19146,FRED STEIN,FSTEIN@CRE8IVEGRP.COM,,2025-08-01 04:00:00+00,381
The Jawn Inc d/b/a The 215 Guys,"151 North 3rd Street, 4th Floor",Philadelphia,Pa,19106,Jeremy Sanchez,hello@the215guys.com,,2025-12-10 05:00:00+00,382
"The Kimmel Group, Inc.",30 S 15TH ST 15TH FLOOR,PHILADELPHIA,PA,19102,LONNIE STANLEY,lonstanley@kimmelgroup.com,,2025-08-19 04:00:00+00,383
"THE LENSERF GROUP, INC",2 LOGAN SQUARE SUITE 300,PHILADELPHIA,PA,19103,FARNIA FRESNEL,INFO@LENSERFGROUP.COM,,2025-08-01 04:00:00+00,384
"THE LIGHTING PRACTICE, INC.",123 S Broad Street Suite 2320,Philadelphia,PA,19109,A.J. Flynn,ajflynn@thelightingpractice.com,,2025-08-01 04:00:00+00,385
THE MCS GROUP INC,1601 MARKET STREET SUITE 800,PHILADELPHIA,PA,19103,DAVID BEAN,DJBEAN@THEMCSGROUP.COM,WWW.THEMCSGROUP.COM,2025-01-27 05:00:00+00,386
THE SHEWARD PARTNERSHIP LLC,2300 CHESTNUT STREET 1ST FLOOR,PHILADELPHIA,PA,19103,DAVID SCHEUERMANN,DNS@TSPARCH.COM,WWW.THESHERWARDPARTNERSHIP.COM,2025-08-06 04:00:00+00,387
THOMAS P CARNEY INC,100 SOUTH BROAD STREET SUITE 1610,PHILADELPHIA,PA,19110,Soandra Hammons,shammons@thomaspcarney.com,,2025-08-19 04:00:00+00,388
TLR CONCEPTS LLC,6421 ARGYLE ST SUITE 2320,PHILADELPHIA,PA,19111,TOWANDA RECORD,TOWANDA@TLRCONCEPTS.COM,,2025-07-22 04:00:00+00,389
"TML Communications, LLC",1500 JFK Blvd SUITE 400,PHILADELPHIA,PA,19102,TERESA M LUNDY,TERESA@TMLFIRM.COM,,2025-08-12 04:00:00+00,390
"Torrado Construction Co., Inc.",3311-13 E. THOMPSON STREET ,PHILADELPHIA,PA,19134,LUIS TORRADO,LTORRADO@TORRADOCONSTRUCTION.COM,,2025-08-01 04:00:00+00,391
TOWNSCAPES INC,10087 SANDMEYER LANE ,PHILADELPHIA,PA,19116,MARK BACHMANN,MARKBACH36@COMCAST.NET,,2025-08-01 04:00:00+00,392
TRANS-PACIFIC ENGINEERING CORPORATION,"716 N BETHLEHEM PIKE, SUITE 301 ",Lower Gwynedd,PA,19002,"PHILIP CHIANG, P.E.",PCHIANG@TPECENG.COM,,2026-01-15 05:00:00+00,393
TRIPLE BOTTOM BREWING COMPANY,915 SPRING GARDEN STREET ,PHILADELPHIA,PA,19123,TESS HART,TESS@TRIPLEBOTTOMBREWING.COM,,2025-10-15 04:00:00+00,394
"TURNER PROFESSIONAL SERVICES, LLC",123 S BROAD STREET SUITE 1504 ,PHILADELPHIA,PA,19109,EDWARD TURNER,ETURNER@TURNERPROSERVICES.COM,,2026-01-29 05:00:00+00,395
UBG LLC,2400 GERMANTOWN AVE ,PHILADELPHIA,PA,19133,NADIA SVISHOV,NADIA@MYUBG.COM,,2026-03-10 04:00:00+00,398
Uniform Gear Inc,8063 WALKER STREET ,PHILADELPHIA,PA,19136,JAMIE Leigh,jamie@uniformgear.com,,2025-08-06 04:00:00+00,399
"UNION ROOFING CONTRACTOR'S, INC.",12260 TOWNSEND ROAD ,PHILADELPHIA,PA,19154,FRANK LUBISKY,UNIONROOFINGINC@GMAIL.COM,,2025-08-01 04:00:00+00,400
UNIPRO GROUP INC,7763 HASBROOK AVE ,PHILADELPHIA,PA,19111,CARISSA LIU,CWILLOW@UNIPROGROUP.BIZ,,2026-02-04 05:00:00+00,401
UNITAS ENGINEERING LLC,220 CECIL B MOORE AVE ,PHILADELPHIA,PA,19122,ANTHONY RODIO,ARODIO@UNITASENGINEERING.COM,,2025-12-10 05:00:00+00,402
Unlead-It Environmental,4719 MELON ST. ,PHILA.,PA,19139,RAYMOND SMITH,RAYBYRAY@AOL.COM,,2025-08-01 04:00:00+00,403
"URBAN ENGINEERS, INC",530 WALNUT STREET 14TH FLOOR,PHILADELPHIA,PA,19106,Jennifer Waters,jlwaters@urbanengineers.com,,2026-02-18 05:00:00+00,404
"URBAN RENEWAL BUILDERS, LLC",2451 FRANKFORD AVE ,PHILADELPHIA,PA,19125,LARRY MCKNIGHT,DKANE@RIVERWARDSGROUP.COM,,2025-10-15 04:00:00+00,405
USA Environmental Management Inc.,8436 ENTERPRISE AVENUE ,PHILADELPHIA,PA,19153,TRACY SMITH,TRACY_SMITH@USAEMI.COM,WWW.USAEMI.COM,2025-08-01 04:00:00+00,406
U.S CONSTRUCTION GROUP INC,"6100 Henry Ave, #5O ",PHILADELPHIA,PA,19128,Yaw Danso,ydanso@usconstructgroup.com,,2025-08-01 04:00:00+00,397
U S FACILITIES INC,30 N 41ST STREET ,PHILADELPHIA,PA,19104,JAMES R. DORRIS,JIM.DORRIS@USFACILITIES.COM,WWW.USFACILITIES.COM,2025-08-01 04:00:00+00,396
VIDEO CITY PRODUCTIONS LLC,329 S 20TH ST ,PHILADELPHIA,PA,19103,JONATHAN SHERMAN,INFO@VIDEOCITYINC.COM,,2024-06-06 04:00:00+00,407
VISUAL INFLUENCE TS DBA THE PLUG APPAREL CO,5304 W BERKS STREET ,PHILADELPHIA,PA,19131,JENEEN LOGAN,THEPLUGAPPARELCO2@GMAIL.COM,,2026-01-15 05:00:00+00,408
"Viva Environmental, Health, & Safety, LLC.",2201 S 3rd Street ,PHILADELPHIA,PA,19147,STEVEN VENA,SVENA@VIVAEHS.COM,,2025-08-19 04:00:00+00,409
"VSBA, LLC",116 Shurs Lane 3rd Floor,Philadelphia,Pa,19127,Jeremy Tenenbaum,tenenbaum@vsba.com,,2025-08-01 04:00:00+00,410
WATERWARE CORP,2502 EDGEMONT STREET ,PHILADELPHIA,PA,19125,STEPHEN BYRNES,STEVEB@WATERWARECORP.COM,,2025-08-20 04:00:00+00,412
"WEBCO Construction, LLC",2517 Moore Street ,PHILADELPHIA,PA,19145,ANTHONY WEBER,Anthony@webcoconstruction.com,,2025-08-28 04:00:00+00,414
Wendy Saltzman Media DBA Philly Power Media,1112 S 17TH ST ,PHILADELPHIA,PA,19146,WENDY SALTZMAN,WENDY@PHILLYPOWERMEDIA.COM,,2025-08-01 04:00:00+00,415
WE RISE BUSINESS SOLUTIONS,1318 W CLEARFIELD STREET ,PHILADELPHIA,PA,19132,CANDACE WRIGHT,INFO@WERISEBUSINESSSOLUTIONS.COM,,2025-12-10 05:00:00+00,413
"WOODCOCK DESIGN, INC.",1518 WALNUT STREET SUITE 1308,PHILADELPHIA,PA,19102,JANICE WOODCOCK,JWOODCOCK@WOODCOCK-DESIGN.COM,,2025-08-01 04:00:00+00,416
WULFF ARCHITECTS INC,1515 Locust St 2nd Floor,Philadelphia,PA,19102,Alisha Underwood,aunderwood@wulffarchitects.com,,2025-08-22 04:00:00+00,417
"WURD RADIO, LLC","1341 N DELAWARE AVE, SUITE300 ",PHILADELPHIA,PA,19125,KAREN MAYER,SUPPORT@WURDRADIO.COM,,2025-08-28 04:00:00+00,418
W. Wilson Goode. Jr.,2245 North 51st Street ,Philadelphia,PA,19131,"W. Wilson Goode, Jr.",wilsongoodejr@gmail.com,,2025-08-01 04:00:00+00,411
YANA MEDICAL LLC,1420 WISTAR DR ,PHILADELPHIA,PA,19132,MAURICE MYERS,ADMIN@YANAMEDICAL.ORG,,2026-01-15 05:00:00+00,419
YANILEX SYSTEMS LLC,1203 GILHAM STREET ,PHILADELPHIA,PA,19111,KEINO SALMON,gksalmon@yanilexsystems.com,,2025-03-11 04:00:00+00,420
"YOUR BEST CHOICE CONSTRUCTION, LLC",2447 DUNCAN STREET ,PHILADELPHIA,PA,19124,ROBERT W HUTTENLOCK,BONNY@BESTCHOICEPLUMBING.NET,,2025-10-15 04:00:00+00,421
